<?xml version="1.0" encoding="UTF-8"?>
<!DOCTYPE suite SYSTEM "https://testng.org/testng-1.0.dtd">
<suite name="Suite"  parallel="tests" thread-count="2">
   <listeners>
<listener class-name="Utilities.ExtendReportManager"></listener>
</listeners>
  <test thread-count="5" name="Chrome Test">
  <parameter name="Browser" value="Chrome"></parameter>
    <classes>
     <class name="testCase.TC_07_AwardsContentVerification"/>
    </classes>
  </test> <!-- Test -->
   <test thread-count="5" name="Edge Test">
  <parameter name="Browser" value="Edge"></parameter>
    <classes>
      <class name="testCase.TC_07_AwardsContentVerification"/>
    </classes>
  </test>
</suite> <!-- Suite -->
