<?xml version="1.0" encoding="UTF-8"?>
<!DOCTYPE suite SYSTEM "https://testng.org/testng-1.0.dtd">
<suite name="Suite" thread-count="2">



<listeners>
	<listener class-name="testPack.ExtentReportManager"></listener>
</listeners>

<test thread-count="5" name="Edge Test">
	<parameter name="browser" value="Edge" ></parameter>
	<parameter name="url"  value="https://cognizantonline.sharepoint.com/sites/Be.Cognizant/SitePages/Home.aspx"></parameter> 

	<classes>
    	<class name="testPack.HeaderTest"/>
    </classes>
</test> 
 
 
 
<test thread-count="5" name="Chrome Test">
<parameter name="browser" value="chrome" ></parameter>
<parameter name="url"  value="https://cognizantonline.sharepoint.com/sites/Be.Cognizant/SitePages/Home.aspx"></parameter> 

	<classes>
    	<class name="testPack.HeaderTest"/>
    </classes>
</test> 
 
  
</suite> <!-- Suite -->
