<?xml version="1.0" encoding="UTF-8"?>
<!DOCTYPE suite SYSTEM "https://testng.org/testng-1.0.dtd">
<suite name="Suite">
<listeners>
		<listener class-name="output.ExtendReport"/>
	</listeners> 
<parameter name="browser" value="chrome"></parameter>
  <test thread-count="5" name="Test1">
    <classes>
   
      <class name="timeSheet.TestCase1"/>
      <class name="timeSheet.TestCase2"/>
      <class name="timeSheet.TestCase3"/>
      <class name="timeSheet.TestCase4"/>
    </classes>
  </test> <!-- Test -->
  <listeners>
		<listener class-name="output.ExtendReport"/>
	</listeners> 
<parameter name="browser" value="edge"></parameter>
  <test thread-count="5" name="Test">
    <classes>
   
      <class name="timeSheet.TestCase1"/>
      <class name="timeSheet.TestCase2"/>
      <class name="timeSheet.TestCase3"/>
      <class name="timeSheet.TestCase4"/>
    </classes>
  </test> <!-- Test -->
</suite> <!-- Suite -->
