<?xml version="1.0" encoding="UTF-8"?>
<!DOCTYPE suite SYSTEM "https://testng.org/testng-1.0.dtd">
<suite name="Suite">

	 <listeners>
	  	<listener class-name="Report.ExtentReport"/>
	 </listeners>
  <test  name="Test">
  <parameter name="browser" value="chrome"/>
    <classes>
      <class name="Test_Cases.TC_001_Capture_UserInfo"/>
      <class name="Test_Cases.TC_002_MouseHoverAction"/>
      <class name="Test_Cases.TC_003_AppValidation"/>
      <class name="Test_Cases.TC_004_AvailabilityOf_News_Award"/>
      <class name="Test_Cases.TC_005_Verify_ITNews"/>
      <class name="Test_Cases.TC_006_Extract_AwardContent"/>
      
    </classes>
  </test> <!-- Test -->
</suite> <!-- Suite -->
