<?xml version="1.0" encoding="UTF-8"?>
<!DOCTYPE suite SYSTEM "https://testng.org/testng-1.0.dtd">
<suite name="Suite">		
	<!--LISTENERS-->
	<listeners>
		<listener class-name="utilities.ExtentReportManager"></listener>
	</listeners>
	
	<!--TEST_SUITE-->
	<test thread-count="5" name="Chrome_Test">
		<parameter name="browser" value="Chrome"></parameter>
		<classes>
			<class name="testBase.TestBase"/>
			<class name="testSuites.TestSuite_1"/>
		</classes>
	</test> <!-- Test -->
</suite> <!-- Suite -->
